---
title: 성적관리 프로그램
category: APM(Apache + php +mysql)
toc: true
toc_sticky: true
toc_lable: 목차
last_modified_at: "'2021-01-20'"
---

## 1. 사용자 생성 및 DB 연결
```
mysql> show databases;
+----------+
| Database |
+----------+
| db_nalog |
| hong_db  |
| jjy_db   |
| mysql    |
| test_db  |
+----------+
5 rows in set (0.01 sec)

mysql> use mysql;
Database changed
mysql> show tables;
+-----------------+
| Tables_in_mysql |
+-----------------+
| columns_priv    |
| db              |
| func            |
| host            |
| tables_priv     |
| user            |
+-----------------+
6 rows in set (0.01 sec)
mysql> insert into user (host,user,password) values('localhost','kdhong',password('1234'));
Query OK, 1 row affected (0.02 sec)

mysql> create database kdhong_db;
Query OK, 1 row affected (0.00 sec)

mysql> insert into db values('localhost','kdhong_db','kdhong','y','y','y','y','y','y','y','y','y','y','y','y');
Query OK, 1 row affected (0.00 sec)

mysql> flush privileges;
Query OK, 0 rows affected (0.01 sec)
```


## 2. 테이블 생성  (stud_score.php)

{% highlight php linenos %}
// 데이터 베이스 연결
$connect=mysql_connect('localhost','kdhong','1234');
mysql_select_db('kdhong_db',$connect);

$sql = "create table stud_score(".
	"num int not null auto_increment,".
	"name varchar(12),".
	"sub1 int,".
	"sub2 int,".
	"sub3 int,".
	"sub4 int,".
	"sub5 int,".
	"sum int,".
	"avg float,".
	"rank int,".
	"primary key(num));";
	
$result = mysql_query($sql, $connect);
if(result){
echo "테이블 생성 완료! <br>";
}
else{
echo "테이블 생성 실패! <br>";

}


{% endhighlight %}


## 3. 성적 입력 및 출력 (score_list.php)
{% highlight php linenos %}

<?
// db 연결
$connect=mysql_connect('localhost','kdhong','1234');
mysql_select_db('kdhong_db',$connect);

if($mode == "insert"){
$sum = $sub1 + $sub2 + $sub3 + $sub4 +$sub5;
$avg = $sum / 5;

$sql = "insert into stud_score (name, sub1, sub2, sub3, sub4, sub5, sum, avg) ".
	"values ('$nickname', '$sub1', '$sub2', '$sub3', '$sub4', '$sub5', '$sum', '$avg');";
mysql_query($sql, $connect);


//====== 순위 업데이트 =====

$sql = "select * from stud_score;";
$result = mysql_query($sql, $connect);


$fields = mysql_num_fields($result);
$records = mysql_num_rows($result);
$num_list = array();
$total_list = array();

//비교할 데이터 넣기
for ($i = 0; $i < $records; $i++)
 {
     //id
     $data = mysql_result($result, $i, 0);
     array_push($num_list, $data);

     //총 점수
     $data = mysql_result($result, $i, 7);
     array_push($total_list, $data);

 }

// 순위 구하기 버블 정렬
for ($i =$records-1; $i > 0; $i--)
{
   for ($j = 0; $j <=$i; $j++){
         if($total_list[$j] < $total_list[$j+1]){
	// 점수 스왑
	$tmp = $total_list[$j+1];
	$total_list[$j+1] = $total_list[$j];
	$total_list[$j] = $tmp;

	//이름 교환
	$tmp2 = $num_list[$j+1];
	$num_list[$j+1] = $num_list[$j];
	$num_list[$j] = $tmp2;

         }
    
   }
 
}

//업데이트
for ($i = 0; $i < $records; $i++)
 {
    $rank = $i + 1;
    $sql = "update stud_score set rank = '$rank' where num = '$num_list[$i]';"; 
    mysql_query($sql, $connect);
 }







}

?>

<h3> 1) 성적 입력 하기 </h3>
<form name=insertTest method=post action="score_list?mode=insert">
이름: <input name=nickname type=text size=5 value="" > &nbsp;
과목1: <input name=sub1 type=text size=5 value="" > &nbsp;
과목2: <input name=sub2 type=text size=5 value="" > &nbsp;
과목3: <input name=sub3 type=text size=5 value="" > &nbsp;
과목4: <input name=sub4 type=text size=5 value="" > &nbsp;
과목5: <input name=sub5 type=text size=5 value="" > &nbsp;
<input type=submit value="입력하기"><br>
</form>

<h3> 2) 성적 출력 하기 </h3>
<p><a href="score_list?mode=big_sort">[성적순 정렬]</a>
<a href="score_list?mode=small_sort">[역성적순 정렬]</a></p>

<!-- 제목 표시 시작-->
<table width = "720" border = "1"cellpadding = "5">
<tr align = "center" bgcolor = "#eeeeee">
  <td>번호</td>
  <td>이름</td>
  <td>과목1</td>
  <td>과목2</td>
  <td>과목3</td>
  <td>과목4</td>
  <td>과목5</td>
  <td>합계</td>
  <td>평균</td>
  <td>순위</td>
  <td>&nbsp;</td>
</tr>

<?
// 내림차순
if($mode == "big_sort"){
$sql = "select * from stud_score order by sum desc;";
}
// 오름차순
else if($mode == "small_sort"){
$sql = "select * from stud_score order by sum;";
}
// 디폴트
else{
$sql = "select * from stud_score;";

} 
$number = 1;
$result = mysql_query($sql, $connect);
$fields = mysql_num_fields($result);
$records = mysql_num_rows($result);

for($i=0; $i < $records ; $i++){
	$select_num = mysql_result($result, $i, 0);
      	echo "<tr align = 'center'>";
	echo "<td> $number  </td>";
	$number++;
	for($j=1; $j < $fields;$j++){                 
                    $data = mysql_result($result, $i, $j);
	       echo "<td> $data </td>";	       
	}
	echo "<td> <a href = 'score_delete.php?num=$select_num'>[삭제]</a> </td>";
	echo"</tr>";

} 
mysql_close($connect);
?>

{% endhighlight %}



## 4. 성적 삭제 (score_delete.php)
{% highlight php linenos %}

<?
// db 연결
$connect=mysql_connect('localhost','kdhong','1234');
mysql_select_db('kdhong_db',$connect);

$sql = "delete from stud_score where num='$num';";

mysql_query($sql, $connect);

//====== 순위 업데이트 =====

$sql = "select * from stud_score;";
$result = mysql_query($sql, $connect);


$fields = mysql_num_fields($result);
$records = mysql_num_rows($result);
$num_list = array();
$total_list = array();

//비교할 데이터 넣기
for ($i = 0; $i < $records; $i++)
 {
     //이름
     $data = mysql_result($result, $i, 1);
     array_push($num_list, $data);

     //총 점수
     $data = mysql_result($result, $i, 7);
     array_push($total_list, $data);

 }

// 순위 구하기 버블 정렬
for ($i =$records-1; $i > 0; $i--)
{
   for ($j = 0; $j <=$i; $j++){
         if($total_list[$j] < $total_list[$j+1]){
	// 점수 스왑
	$tmp = $total_list[$j+1];
	$total_list[$j+1] = $total_list[$j];
	$total_list[$j] = $tmp;

	//이름 교환
	$tmp2 = $num_list[$j+1];
	$num_list[$j+1] = $num_list[$j];
	$num_list[$j] = $tmp2;

         }
    
   }
 
}

//업데이트
for ($i = 0; $i < $records; $i++)
 {
    $rank = $i + 1;
    $sql = "update stud_score set rank = '$rank' where name = '$num_list[$i]';"; 
    mysql_query($sql, $connect);
 }




Header("Location:score_list.php");

mysql_close($connect);
?>



{% endhighlight %}
